,pIC50
0,5.301029995663981
1,5.568636235841013
2,5.7447274948966935
3,4.958607314841775
4,5.0
5,3.515700160653214
6,4.1249387366083
7,4.113509274827518
8,4.113509274827518
9,4.026872146400302
10,4.026872146400302
11,4.6777807052660805
12,4.6777807052660805
13,4.337242168318426
14,4.337242168318426
15,3.8894102897007508
16,4.080921907623926
17,4.173925197299174
18,3.677780705266081
19,4.3872161432802645
20,4.455931955649724
21,3.9546770212133424
22,3.9546770212133424
23,4.657577319177793
24,4.657577319177793
25,4.3872161432802645
26,4.3872161432802645
27,4.853871964321762
28,4.853871964321762
29,4.016373712875465
30,4.337242168318426
31,4.337242168318426
32,3.9956786262173574
33,3.9956786262173574
34,4.151195298948196
35,4.5003129173815966
36,4.5003129173815966
37,3.388276691992658
38,3.388276691992658
39,4.473660722610156
40,4.473660722610156
41,3.9546770212133424
42,3.9546770212133424
43,4.2373214362725635
44,4.958607314841775
45,4.0915149811213505
46,4.752026733638194
47,3.9430951486635273
48,4.1938200260161125
49,4.1938200260161125
50,4.920818753952375
51,4.920818753952375
52,4.698970004336019
53,3.5528419686577806
54,5.173925197299174
55,8.2839966563652
56,5.221848749616356
57,4.698970004336019
58,5.00436480540245
59,6.130768280269024
60,6.7447274948966935
61,6.698970004336019
62,5.167491087293763
63,5.522878745280337
64,5.221848749616356
65,5.522878745280337
66,5.301029995663981
67,7.130768280269024
68,7.522878745280337
69,6.795880017344075
70,7.769551078621726
71,6.818156412055227
72,7.267606240177032
73,7.769551078621726
74,7.5376020021010435
75,7.823908740944319
76,6.275724130399211
77,7.795880017344075
78,6.7447274948966935
79,6.853871964321762
80,6.920818753952375
81,6.267606240177032
82,6.346787486224656
83,6.187086643357144
84,6.221848749616356
85,7.136677139879544
86,7.221848749616356
87,6.443697499232712
88,6.721246399047171
89,6.045757490560675
90,6.7447274948966935
91,6.0
92,6.167491087293763
93,6.055517327849832
94,6.107905397309519
95,5.721246399047171
96,7.0655015487564325
97,6.552841968657781
98,6.657577319177793
99,9.522878745280337
100,7.251811972993799
101,7.327902142064283
102,7.337242168318426
103,7.769551078621726
104,7.853871964321762
105,7.920818753952375
106,7.568636235841013
107,8.455931955649724
108,8.455931955649724
109,8.602059991327963
110,8.55284196865778
111,8.619788758288394
112,7.920818753952375
113,7.920818753952375
114,7.795880017344075
115,7.795880017344075
116,7.5376020021010435
117,7.5376020021010435
118,7.0915149811213505
119,8.161150909262744
120,8.161150909262744
121,7.568636235841013
122,8.017728766960431
123,8.017728766960431
124,7.795880017344075
125,7.795880017344075
126,7.6020599913279625
127,8.0
128,8.0
129,8.455931955649724
130,8.455931955649724
131,8.161150909262744
132,8.161150909262744
133,7.769551078621726
134,7.769551078621726
135,7.920818753952375
136,7.920818753952375
137,7.886056647693163
138,7.886056647693163
139,8.045757490560675
140,8.045757490560675
141,7.552841968657781
142,7.552841968657781
143,8.494850021680094
144,8.494850021680094
145,6.982966660701219
146,7.2441251443275085
147,5.615288257061717
148,7.823908740944319
149,8.366531544420413
150,8.366531544420413
151,7.4089353929735005
152,7.4089353929735005
153,7.494850021680094
154,7.494850021680094
155,6.841637507904751
156,6.841637507904751
157,7.346787486224656
158,7.346787486224656
159,7.698970004336019
160,7.698970004336019
161,6.939302159646388
162,6.939302159646388
163,7.6020599913279625
164,7.6020599913279625
165,8.113509274827518
166,8.113509274827518
167,8.080921907623926
168,8.080921907623926
169,7.823908740944319
170,7.823908740944319
171,7.853871964321762
172,7.853871964321762
173,8.0
174,8.0
175,7.698970004336019
176,7.698970004336019
177,6.721246399047171
178,6.721246399047171
179,6.221848749616356
180,5.096910013008056
181,5.096910013008056
182,6.221848749616356
183,6.096910013008056
184,6.096910013008056
185,6.096910013008056
186,6.096910013008056
187,6.096910013008056
188,6.096910013008056
189,7.0
190,4.698970004336019
191,4.698970004336019
192,4.698970004336019
193,4.698970004336019
194,5.7447274948966935
195,4.698970004336019
196,5.568636235841013
197,5.958607314841775
198,5.886056647693163
199,6.522878745280337
200,6.154901959985743
201,6.0
202,6.0
203,6.221848749616356
204,6.221848749616356
205,5.721246399047171
206,5.853871964321762
207,5.769551078621726
208,5.958607314841775
209,5.958607314841775
210,6.096910013008056
211,5.958607314841775
212,6.045757490560675
213,6.096910013008056
214,6.045757490560675
215,6.301029995663981
216,6.154901959985743
217,5.638272163982407
218,6.045757490560675
219,6.301029995663981
220,5.958607314841775
221,5.013676222949234
222,5.638272163982407
223,6.0915149811213505
224,6.795880017344075
225,6.886056647693163
226,5.703334809738469
227,6.698970004336019
228,6.327902142064283
229,6.769551078621726
230,7.154901959985743
231,5.441291429466834
232,5.46344155742847
233,5.6595558851598815
234,5.493494967595128
235,5.872895201635193
236,5.552841968657781
237,6.086186147616283
238,7.096910013008056
239,5.530177984021837
240,5.665546248849069
241,5.26440110030182
242,6.096910013008056
243,6.795880017344075
244,6.275724130399211
245,6.096910013008056
246,6.096910013008056
247,6.096910013008056
248,6.096910013008056
249,6.096910013008056
250,6.096910013008056
251,5.096910013008056
252,5.096910013008056
253,4.522878745280337
254,7.568636235841013
255,7.236572006437063
256,7.236572006437063
257,7.721246399047171
258,7.0915149811213505
259,7.130768280269024
260,7.3872161432802645
261,6.573488738635425
262,7.070581074285707
263,7.455931955649724
264,6.739928612014925
265,6.690369832574102
266,6.732828271596986
267,7.070581074285707
268,6.863279432843593
269,7.1249387366083
270,7.346787486224656
271,7.180456064458132
272,7.221848749616356
273,7.481486060122112
274,7.721246399047171
275,7.657577319177793
276,6.801342913045577
277,7.455931955649724
278,6.403402904373539
279,7.481486060122112
280,7.180456064458132
281,7.619788758288394
282,7.356547323513812
283,7.853871964321762
284,6.906578314837765
285,7.008773924307505
286,7.619788758288394
287,7.721246399047171
288,7.522878745280337
289,7.494850021680094
290,7.356547323513812
291,7.455931955649724
292,7.494850021680094
293,5.494850021680094
294,5.6777807052660805
295,5.431798275933005
296,5.468521082957745
297,6.096910013008056
298,5.958607314841775
299,5.795880017344075
300,5.795880017344075
301,5.481486060122113
302,4.886056647693163
303,4.886056647693163
304,4.207608310501746
305,4.207608310501746
306,4.522878745280337
307,4.522878745280337
308,4.638272163982407
309,4.638272163982407
310,4.0
311,4.484126156288321
312,4.484126156288321
313,4.0
314,4.031984286006359
315,4.0
316,4.785156151952302
317,5.327902142064283
318,7.0
319,5.657577319177793
320,6.522878745280337
321,5.522878745280337
322,5.638272163982407
323,6.045757490560675
324,6.154901959985743
325,5.920818753952375
326,6.0
327,6.0
328,7.3124710387853655
329,7.343901797987168
330,7.446116973356125
331,7.519993057042849
332,7.327902142064283
333,7.978810700930062
334,7.590066876668706
335,8.096910013008056
336,7.860120913598763
337,7.3788237182249645
338,6.991399828238082
339,8.397940008672037
340,7.636388020107856
341,7.488116639021126
342,6.0
343,5.568636235841013
344,5.431798275933005
345,5.187086643357144
346,5.187086643357144
347,5.3979400086720375
348,5.3979400086720375
349,5.301029995663981
350,5.301029995663981
351,4.853871964321762
352,4.853871964321762
353,4.6777807052660805
354,4.6777807052660805
355,4.5376020021010435
356,4.5376020021010435
357,6.0
358,6.0
359,4.5376020021010435
360,4.5376020021010435
361,4.443697499232712
362,4.443697499232712
363,6.0
364,6.0
365,4.522878745280337
366,4.0
367,4.0
368,4.0
369,4.0
370,4.0
371,4.0
372,4.0
373,4.0
374,4.0
375,4.0
376,4.0
377,4.0
378,4.0
379,4.820735535660974
380,4.820735535660974
381,4.820735535660974
382,4.820735535660974
383,4.820735535660974
384,4.820735535660974
385,4.820735535660974
386,4.820735535660974
387,4.820735535660974
388,4.820735535660974
389,4.820735535660974
390,4.820735535660974
391,4.820735535660974
392,4.9083330424043154
393,4.9083330424043154
394,4.9083330424043154
395,4.9083330424043154
396,4.9083330424043154
397,4.9083330424043154
398,4.7363639314118915
399,4.986320302708807
400,4.883724412419456
401,5.121478204498794
402,4.84893674664625
403,5.186419011431808
404,5.151195298948196
405,5.104025267640935
406,4.990549104201306
407,4.972242795309446
408,4.913640169325252
409,4.705533773838407
410,4.798602875679548
411,4.798602875679548
412,4.798602875679548
413,4.798602875679548
414,4.798602875679548
415,4.798602875679548
416,4.798602875679548
417,4.798602875679548
418,4.798602875679548
419,4.798602875679548
420,4.798602875679548
421,4.798602875679548
422,4.798602875679548
423,4.732828271596986
424,4.623423042943488
425,4.903089986991944
426,5.013228265733755
427,4.991399828238082
428,4.718966632752273
429,5.075720713938118
430,5.107905397309519
431,4.978810700930062
432,4.962573502059376
433,5.236572006437063
434,4.876148359032914
435,4.995678626217358
436,5.136677139879544
437,5.080921907623926
438,4.696803942579511
439,4.723538195826756
440,4.718966632752273
441,4.798602875679548
442,4.701146923590294
443,4.749579997691106
444,5.494850021680094
445,5.229147988357856
446,5.657577319177793
447,4.835647144215563
448,4.882728704344236
449,4.882728704344236
450,4.546681659952962
451,4.546681659952962
452,4.301029995663981
453,4.301029995663981
454,4.301029995663981
455,4.301029995663981
456,4.301029995663981
457,4.301029995663981
458,4.301029995663981
459,4.301029995663981
460,4.301029995663981
461,4.301029995663981
462,4.301029995663981
463,4.301029995663981
464,4.301029995663981
465,4.301029995663981
466,4.301029995663981
467,4.301029995663981
468,4.301029995663981
469,4.301029995663981
470,4.359518563029578
471,4.359518563029578
472,5.113509274827518
473,5.113509274827518
474,5.167491087293763
475,5.167491087293763
476,5.259637310505756
477,5.259637310505756
478,5.130768280269024
479,5.130768280269024
480,5.022276394711152
481,5.022276394711152
482,4.7423214251308154
483,4.7423214251308154
484,4.301029995663981
485,4.301029995663981
486,4.735182176990463
487,4.735182176990463
488,4.301029995663981
489,4.301029995663981
490,4.301029995663981
491,4.301029995663981
492,4.692503962086787
493,4.692503962086787
494,4.692503962086787
495,4.692503962086787
496,4.692503962086787
497,4.692503962086787
498,4.939302159646388
499,4.899629454882437
500,5.318758762624412
501,4.85078088734462
502,5.017728766960431
503,5.187086643357144
504,4.8696662315049934
505,4.87942606879415
506,4.761953896871205
507,4.826813731587726
508,5.008773924307505
509,4.847711655616943
510,4.892790030352131
511,4.785156151952302
512,4.863279432843593
513,4.774690718274137
514,5.162411561764489
515,5.3535962737769305
516,5.321481620959886
517,5.213958789757446
518,5.501689446210399
519,5.501689446210399
520,5.087246696328677
521,5.316052869248487
522,5.316052869248487
523,5.226945306635737
524,5.226945306635737
525,5.226945306635737
526,5.226945306635737
527,5.226945306635737
528,4.292429823902063
529,5.301029995663981
530,5.301029995663981
531,5.812479279163537
532,5.812479279163537
533,4.616184634019569
534,4.616184634019569
535,7.031517051446065
536,8.154901959985743
537,7.494850021680094
538,7.7447274948966935
539,7.7447274948966935
540,5.0
541,7.494850021680094
542,8.221848749616356
543,6.910094888560602
544,5.0
545,6.259637310505756
546,6.3872161432802645
547,5.0
548,5.1487416512809245
549,5.823908740944319
550,5.0
551,5.0
552,5.0
553,5.0
554,5.0
555,5.0
556,5.0
557,5.0
558,5.0
559,6.0
560,6.42021640338319
561,5.0
562,6.259637310505756
563,5.0
564,5.522878745280337
565,5.522878745280337
566,5.522878745280337
567,5.522878745280337
568,5.522878745280337
569,5.522878745280337
570,5.522878745280337
571,5.522878745280337
572,5.522878745280337
573,4.0
574,4.0
575,5.301029995663981
576,4.616184634019569
577,4.872895201635193
578,5.214670164989233
579,4.958607314841775
580,4.958607314841775
581,4.958607314841775
582,4.958607314841775
583,4.958607314841775
584,4.958607314841775
585,5.337242168318426
586,5.337242168318426
587,5.337242168318426
588,5.337242168318426
589,5.337242168318426
590,5.337242168318426
591,5.568636235841013
592,5.1938200260161125
593,5.267606240177032
594,5.522878745280337
595,5.522878745280337
596,5.522878745280337
597,5.522878745280337
598,5.522878745280337
599,5.522878745280337
600,6.6020599913279625
601,6.769551078621726
602,6.568636235841013
603,6.6777807052660805
604,6.6020599913279625
605,7.040958607678906
606,7.0
607,6.568636235841013
608,6.958607314841775
609,6.3979400086720375
610,7.0
611,6.853871964321762
612,6.920818753952375
613,6.886056647693163
614,7.167491087293763
615,6.920818753952375
616,6.958607314841775
617,6.6777807052660805
618,6.769551078621726
619,7.0655015487564325
620,7.0655015487564325
621,6.920818753952375
622,6.958607314841775
623,5.709965388637482
624,5.560667306169737
625,6.301029995663981
626,6.301029995663981
627,6.301029995663981
628,6.301029995663981
629,6.301029995663981
630,6.301029995663981
631,4.018181392829336
632,4.552841968657781
633,4.464705879957229
634,4.1432711096171175
635,4.995678626217358
636,5.920818753952375
637,4.361510743045363
638,4.872895201635193
639,5.226945306635737
640,5.226945306635737
641,5.226945306635737
642,5.226945306635737
643,5.226945306635737
644,5.507239610973162
645,5.507239610973162
646,5.316052869248487
647,5.316052869248487
648,4.585026652029182
649,4.769551078621726
650,4.585026652029182
651,5.481486060122113
652,5.113509274827518
653,5.795880017344075
654,6.096910013008056
655,5.366531544420414
656,4.801342913045577
657,5.886056647693163
658,5.5376020021010435
659,5.4089353929735005
660,5.4089353929735005
661,5.4089353929735005
662,5.4089353929735005
663,5.4089353929735005
664,5.4089353929735005
665,4.823908740944319
666,5.070581074285707
667,5.402304814074488
668,3.6120765330265634
669,3.5228787452803374
670,3.5228787452803374
671,3.5228787452803374
672,3.5694412304772425
673,3.6910089709998357
674,3.5228787452803374
675,3.5228787452803374
676,3.7290883605895186
677,3.5228787452803374
678,3.5228787452803374
679,4.1432711096171175
680,4.301029995663981
681,4.301029995663981
682,4.301029995663981
683,4.301029995663981
684,4.585026652029182
685,4.585026652029182
686,4.568636235841013
687,4.568636235841013
688,5.251811972993799
689,5.251811972993799
690,5.468521082957745
691,5.468521082957745
692,4.838631997765025
693,4.838631997765025
694,4.707743928643524
695,4.707743928643524
696,4.301029995663981
697,4.301029995663981
698,4.301029995663981
699,4.301029995663981
700,4.301029995663981
701,4.301029995663981
702,4.301029995663981
703,5.455931955649724
704,5.455931955649724
705,5.4089353929735005
706,5.4089353929735005
707,5.292429823902063
708,5.292429823902063
709,4.709965388637482
710,4.709965388637482
711,4.301029995663981
712,4.301029995663981
713,5.5376020021010435
714,5.5376020021010435
715,5.3979400086720375
716,5.3979400086720375
717,4.774690718274137
718,5.3979400086720375
719,5.3979400086720375
720,4.301029995663981
721,4.301029995663981
722,4.301029995663981
723,4.301029995663981
724,4.301029995663981
725,4.301029995663981
726,4.518557371497695
727,4.518557371497695
728,4.518557371497695
729,4.481486060122113
730,4.815308569182401
731,4.815308569182401
732,4.815308569182401
733,4.815308569182401
734,4.82102305270683
735,4.82102305270683
736,4.82102305270683
737,4.82102305270683
738,4.82102305270683
739,4.82102305270683
740,3.3010299956639813
741,4.124360062995832
742,4.124360062995832
743,4.2564902352715706
744,5.075720713938118
745,4.97469413473523
746,4.94692155651658
747,4.94692155651658
748,4.94692155651658
749,4.94692155651658
750,4.94692155651658
751,4.94692155651658
752,4.94692155651658
753,4.94692155651658
754,4.94692155651658
755,4.94692155651658
756,4.94692155651658
757,4.94692155651658
758,4.94692155651658
759,4.94692155651658
760,4.94692155651658
761,4.94692155651658
762,4.94692155651658
763,4.94692155651658
764,4.94692155651658
765,4.94692155651658
766,4.94692155651658
767,4.94692155651658
768,4.94692155651658
769,4.94692155651658
770,4.94692155651658
771,4.94692155651658
772,4.94692155651658
773,4.94692155651658
774,4.94692155651658
775,4.94692155651658
776,4.5376020021010435
777,5.1249387366083
778,4.392544976785332
779,7.147032308971181
780,7.647046088289912
781,7.285586407712879
782,7.3439976793170425
783,7.110978577904775
784,7.252899068635013
785,7.512296136836274
786,7.183758700008217
787,7.427593132441944
788,7.760450279159527
789,7.308564847855938
790,7.33837659077077
791,7.336110701377339
792,7.285921835018144
793,7.409381051793422
794,7.913284336055117
795,5.3872161432802645
796,5.3872161432802645
797,5.3872161432802645
798,5.3872161432802645
799,5.3872161432802645
800,5.3872161432802645
801,5.3872161432802645
802,5.3872161432802645
803,5.3872161432802645
804,5.3872161432802645
805,5.3872161432802645
806,5.3872161432802645
807,5.3872161432802645
808,5.508638306165727
809,5.508638306165727
810,5.508638306165727
811,5.508638306165727
812,5.508638306165727
813,5.508638306165727
814,5.508638306165727
815,5.508638306165727
816,5.508638306165727
817,5.508638306165727
818,5.508638306165727
819,5.508638306165727
820,5.508638306165727
821,5.508638306165727
822,5.508638306165727
823,5.508638306165727
824,5.508638306165727
825,5.508638306165727
826,5.508638306165727
827,5.508638306165727
828,5.508638306165727
829,5.508638306165727
830,5.508638306165727
831,5.508638306165727
832,5.508638306165727
833,5.508638306165727
834,5.508638306165727
835,5.508638306165727
836,5.508638306165727
837,5.508638306165727
838,4.6020599913279625
839,4.6020599913279625
840,4.6020599913279625
841,4.6020599913279625
842,4.6020599913279625
843,4.6020599913279625
844,4.6020599913279625
845,4.6020599913279625
846,4.6020599913279625
847,4.6020599913279625
848,4.6020599913279625
849,4.8326826652518236
850,4.8326826652518236
851,5.769551078621726
852,5.769551078621726
853,5.568636235841013
854,5.568636235841013
855,5.0915149811213505
856,5.0915149811213505
857,4.872895201635193
858,4.872895201635193
859,5.275724130399211
860,5.275724130399211
861,4.860120913598763
862,4.860120913598763
863,4.6020599913279625
864,4.6020599913279625
865,4.6020599913279625
866,4.6020599913279625
867,4.647817481888637
868,4.647817481888637
869,4.6020599913279625
870,4.6020599913279625
871,5.075720713938118
872,5.075720713938118
873,5.075720713938118
874,5.075720713938118
875,5.060480747381382
876,5.060480747381382
877,4.6020599913279625
878,4.6020599913279625
879,4.6020599913279625
880,4.6020599913279625
881,4.6020599913279625
882,4.6020599913279625
883,4.6020599913279625
884,4.6020599913279625
885,4.6020599913279625
886,4.8297382846050425
887,4.8297382846050425
888,4.651695136951839
889,4.651695136951839
890,4.6020599913279625
891,4.6020599913279625
892,4.6020599913279625
893,4.6020599913279625
894,4.6020599913279625
895,4.6020599913279625
896,4.6777807052660805
897,4.6777807052660805
898,4.6020599913279625
899,4.6020599913279625
900,4.6020599913279625
901,4.6020599913279625
902,4.6020599913279625
903,4.6020599913279625
904,4.6020599913279625
905,4.6020599913279625
906,4.6020599913279625
907,5.585026652029182
908,5.585026652029182
909,5.585026652029182
910,5.585026652029182
911,5.585026652029182
912,5.585026652029182
913,5.585026652029182
914,5.585026652029182
915,5.585026652029182
916,5.585026652029182
917,5.585026652029182
918,5.585026652029182
919,5.585026652029182
920,5.823908740944319
921,5.823908740944319
922,5.823908740944319
923,5.823908740944319
924,5.823908740944319
925,5.823908740944319
926,5.823908740944319
927,5.823908740944319
928,5.823908740944319
929,5.823908740944319
930,5.823908740944319
931,5.823908740944319
932,5.823908740944319
933,5.823908740944319
934,5.823908740944319
935,5.823908740944319
936,5.823908740944319
937,5.823908740944319
938,5.823908740944319
939,5.823908740944319
940,5.823908740944319
941,5.823908740944319
942,5.823908740944319
943,5.823908740944319
944,5.823908740944319
945,5.823908740944319
946,5.823908740944319
947,5.823908740944319
948,5.823908740944319
949,5.823908740944319
950,4.6020599913279625
951,4.6020599913279625
952,4.6020599913279625
953,4.6020599913279625
954,4.6020599913279625
955,4.6020599913279625
956,4.826813731587726
957,4.826813731587726
958,4.826813731587726
959,4.6020599913279625
960,4.6020599913279625
961,4.94692155651658
962,4.94692155651658
963,5.769551078621726
964,5.769551078621726
965,5.823908740944319
966,5.823908740944319
967,6.031517051446065
968,6.031517051446065
969,5.229147988357856
970,5.229147988357856
971,5.638272163982407
972,5.638272163982407
973,4.903089986991944
974,4.903089986991944
975,5.167491087293763
976,5.167491087293763
977,4.6020599913279625
978,4.6020599913279625
979,4.882728704344236
980,4.882728704344236
981,4.6020599913279625
982,4.6020599913279625
983,5.657577319177793
984,5.657577319177793
985,5.657577319177793
986,5.657577319177793
987,5.522878745280337
988,5.522878745280337
989,4.866461091629782
990,4.866461091629782
991,4.991399828238082
992,4.826813731587726
993,5.107905397309519
994,5.107905397309519
995,5.107905397309519
996,5.508638306165727
997,5.508638306165727
998,5.552841968657781
999,5.552841968657781
1000,7.096910013008056
1001,7.096910013008056
1002,6.236572006437063
1003,6.236572006437063
1004,6.2076083105017466
1005,6.2076083105017466
1006,5.721246399047171
1007,5.721246399047171
1008,5.721246399047171
1009,5.721246399047171
1010,5.455931955649724
1011,5.455931955649724
1012,5.958607314841775
1013,5.958607314841775
1014,4.686132779630847
1015,5.4089353929735005
1016,5.4089353929735005
1017,5.443697499232712
1018,5.443697499232712
1019,5.318758762624412
1020,5.318758762624412
1021,5.318758762624412
1022,5.045757490560675
1023,5.045757490560675
1024,5.045757490560675
1025,5.045757490560675
1026,5.045757490560675
1027,5.045757490560675
1028,5.045757490560675
1029,5.045757490560675
1030,5.045757490560675
1031,5.045757490560675
1032,5.045757490560675
1033,5.045757490560675
1034,5.045757490560675
1035,5.045757490560675
1036,5.045757490560675
1037,5.045757490560675
1038,5.045757490560675
1039,5.045757490560675
1040,5.045757490560675
1041,5.045757490560675
1042,5.045757490560675
1043,5.045757490560675
1044,5.045757490560675
1045,5.045757490560675
1046,5.045757490560675
1047,5.045757490560675
1048,5.045757490560675
1049,5.045757490560675
1050,5.045757490560675
1051,5.045757490560675
1052,5.886056647693163
1053,5.886056647693163
1054,4.455931955649724
1055,4.769551078621726
1056,4.6020599913279625
1057,4.886056647693163
1058,3.619788758288394
1059,3.5528419686577806
1060,5.036212172654444
1061,4.9299621333922445
1062,4.995248844408999
1063,4.661344334421299
1064,4.661344334421299
1065,4.661344334421299
1066,4.661344334421299
1067,4.661344334421299
1068,4.661344334421299
1069,4.661344334421299
1070,4.661344334421299
1071,4.661344334421299
1072,4.661344334421299
1073,4.661344334421299
1074,4.661344334421299
1075,4.661344334421299
1076,4.661344334421299
1077,4.661344334421299
1078,4.661344334421299
1079,4.661344334421299
1080,4.661344334421299
1081,4.661344334421299
1082,4.661344334421299
1083,4.661344334421299
1084,4.661344334421299
1085,4.661344334421299
1086,4.661344334421299
1087,4.661344334421299
1088,4.661344334421299
1089,4.661344334421299
1090,4.661344334421299
1091,4.661344334421299
1092,4.661344334421299
1093,5.337242168318426
1094,6.301029995663981
1095,5.920818753952375
1096,6.327902142064283
1097,5.267606240177032
1098,5.6020599913279625
1099,6.214670164989233
1100,6.2839966563652006
1101,6.119186407719209
1102,5.0
1103,5.657577319177793
1104,6.376750709602099
1105,6.229147988357855
1106,5.431798275933005
1107,6.031517051446065
1108,5.958607314841775
1109,5.7447274948966935
1110,6.036212172654444
1111,5.886056647693163
1112,5.795880017344075
1113,5.6777807052660805
1114,5.721246399047171
1115,5.267606240177032
1116,5.267606240177032
1117,5.267606240177032
1118,5.267606240177032
1119,5.267606240177032
1120,5.267606240177032
1121,5.267606240177032
1122,5.267606240177032
1123,5.267606240177032
1124,5.267606240177032
1125,5.267606240177032
1126,5.267606240177032
1127,5.267606240177032
1128,5.267606240177032
1129,5.267606240177032
1130,5.267606240177032
1131,5.267606240177032
1132,5.267606240177032
1133,5.267606240177032
1134,5.267606240177032
1135,5.267606240177032
1136,5.267606240177032
1137,5.267606240177032
1138,5.267606240177032
1139,5.267606240177032
1140,5.267606240177032
1141,5.267606240177032
1142,5.267606240177032
1143,5.267606240177032
1144,5.267606240177032
1145,5.267606240177032
1146,5.023650020996727
1147,4.738737131207507
1148,4.738737131207507
1149,4.738737131207507
1150,4.738737131207507
1151,4.738737131207507
1152,4.738737131207507
1153,4.738737131207507
1154,4.738737131207507
1155,4.738737131207507
1156,4.738737131207507
1157,4.738737131207507
1158,4.738737131207507
1159,4.738737131207507
1160,4.738737131207507
1161,4.738737131207507
1162,4.738737131207507
1163,4.738737131207507
1164,4.738737131207507
1165,4.738737131207507
1166,4.738737131207507
1167,4.738737131207507
1168,4.738737131207507
1169,4.738737131207507
1170,4.738737131207507
1171,4.738737131207507
1172,4.738737131207507
1173,4.738737131207507
1174,4.738737131207507
1175,4.738737131207507
1176,4.738737131207507
1177,4.178093622647677
1178,6.200659450546418
1179,6.200659450546418
1180,6.200659450546418
1181,6.200659450546418
1182,6.200659450546418
1183,6.200659450546418
1184,6.200659450546418
1185,6.200659450546418
1186,6.200659450546418
1187,6.200659450546418
1188,6.200659450546418
1189,6.200659450546418
1190,6.200659450546418
1191,6.200659450546418
1192,6.200659450546418
1193,6.200659450546418
1194,6.200659450546418
1195,6.200659450546418
1196,6.200659450546418
1197,6.200659450546418
1198,6.200659450546418
1199,6.200659450546418
1200,6.200659450546418
1201,6.200659450546418
1202,6.200659450546418
1203,6.200659450546418
1204,6.200659450546418
1205,6.200659450546418
1206,6.200659450546418
1207,6.200659450546418
1208,5.100179497572904
1209,5.100179497572904
1210,5.100179497572904
1211,5.100179497572904
1212,4.913640169325252
1213,5.130768280269024
1214,4.962573502059376
1215,5.00436480540245
1216,4.661344334421299
1217,4.661344334421299
1218,4.661344334421299
1219,4.661344334421299
1220,4.661344334421299
1221,4.661344334421299
1222,4.661344334421299
1223,4.661344334421299
1224,4.661344334421299
1225,4.661344334421299
1226,4.661344334421299
1227,4.661344334421299
1228,4.661344334421299
1229,4.661344334421299
1230,4.661344334421299
1231,4.661344334421299
1232,4.661344334421299
1233,4.661344334421299
1234,4.661344334421299
1235,4.661344334421299
1236,4.661344334421299
1237,4.661344334421299
1238,4.661344334421299
1239,4.661344334421299
1240,4.661344334421299
1241,4.661344334421299
1242,4.661344334421299
1243,4.661344334421299
1244,4.661344334421299
1245,4.661344334421299
1246,9.0
1247,7.853871964321762
1248,8.154901959985743
1249,7.823908740944319
1250,8.096910013008056
1251,7.6020599913279625
1252,8.0
1253,7.568636235841013
1254,7.5376020021010435
1255,7.267606240177032
1256,6.6777807052660805
1257,6.356547323513812
1258,4.823908740944319
1259,6.2839966563652006
1260,6.508638306165727
1261,6.42021640338319
1262,6.187086643357144
1263,5.886056647693163
1264,6.853871964321762
1265,6.251811972993799
1266,6.301029995663981
1267,6.301029995663981
1268,6.154901959985743
1269,6.853871964321762
1270,6.508638306165727
1271,6.886056647693163
1272,5.236572006437063
1273,7.0
1274,6.443697499232712
1275,6.522878745280337
1276,6.494850021680094
1277,6.187086643357144
1278,8.698970004336019
1279,8.795880017344075
1280,7.251811972993799
1281,7.251811972993799
1282,9.154901959985743
1283,8.795880017344075
1284,7.795880017344075
1285,8.619788758288394
1286,7.017728766960431
1287,8.67778070526608
1288,6.168770306132936
1289,9.154901959985743
1290,9.221848749616356
1291,9.221848749616356
1292,8.795880017344075
1293,8.602059991327963
1294,6.665546248849069
1295,9.0
1296,7.920818753952375
1297,8.769551078621726
1298,6.006123085058789
1299,8.318758762624412
1300,7.769551078621726
1301,6.7544873321858505
1302,9.096910013008056
1303,8.522878745280337
1304,8.130768280269024
1305,7.638272163982407
1306,6.928117992693875
1307,7.958607314841775
1308,7.107905397309519
1309,9.0
1310,7.096910013008056
1311,8.602059991327963
1312,7.721246399047171
1313,7.0915149811213505
1314,8.619788758288394
1315,7.795880017344075
1316,8.508638306165727
1317,7.036212172654444
1318,8.346787486224656
1319,8.55284196865778
1320,8.075720713938118
1321,8.795880017344075
1322,9.045757490560675
1323,8.638272163982407
1324,8.823908740944319
1325,8.886056647693163
1326,9.096910013008056
1327,6.0
1328,6.096910013008056
1329,3.2006594505464183
1330,4.698970004336019
1331,4.075720713938118
1332,3.6989700043360187
1333,3.0969100130080562
1334,6.075720713938118
1335,8.154901959985743
1336,8.096910013008056
1337,8.154901959985743
1338,7.309803919971486
1339,5.0
1340,6.42021640338319
1341,7.568636235841013
1342,6.853871964321762
1343,7.920818753952375
1344,6.221848749616356
1345,6.356547323513812
1346,6.508638306165727
1347,7.086186147616283
1348,6.267606240177032
1349,7.522878745280337
1350,7.2076083105017466
1351,7.055517327849832
1352,7.346787486224656
1353,7.055517327849832
1354,7.0915149811213505
1355,7.221848749616356
1356,5.5376020021010435
1357,6.6020599913279625
1358,6.318758762624412
1359,7.2441251443275085
1360,6.346787486224656
1361,7.154901959985743
1362,7.886056647693163
1363,6.7447274948966935
1364,7.721246399047171
1365,7.180456064458132
1366,5.187086643357144
1367,7.853871964321762
1368,7.236572006437063
1369,6.508638306165727
1370,8.853871964321762
1371,8.721246399047171
1372,8.18045606445813
1373,8.769551078621726
1374,8.236572006437063
1375,7.728158393463501
1376,8.346787486224656
1377,8.259637310505756
1378,7.991399828238082
1379,8.193820026016112
1380,8.537602002101044
1381,7.889410289700751
1382,7.782516055786093
1383,8.55284196865778
1384,7.7447274948966935
1385,7.176525770829699
1386,7.995678626217358
1387,7.856985199745905
1388,6.642065152999546
1389,7.578396073130169
1390,7.238824186844268
1391,7.632644078973981
1392,8.022276394711152
1393,6.375717904164332
1394,6.401209493236885
1395,7.102372908709558
1396,8.267606240177031
1397,4.721932669111338
1398,4.711303739409744
1399,4.534319788401722
1400,4.630969778190847
1401,5.048662481204082
1402,4.782516055786093
1403,4.903785414653595
1404,4.969805214643249
1405,4.813043664534588
1406,4.662341108973858
1407,4.924818145381308
1408,4.924818145381308
1409,4.924818145381308
1410,4.924818145381308
1411,4.924818145381308
1412,4.924818145381308
1413,4.924818145381308
1414,4.924818145381308
1415,4.924818145381308
1416,4.924818145381308
1417,4.924818145381308
1418,4.924818145381308
1419,4.924818145381308
1420,4.727462222624762
1421,4.727462222624762
1422,4.727462222624762
1423,4.727462222624762
1424,4.727462222624762
1425,4.727462222624762
1426,4.727462222624762
1427,4.727462222624762
1428,4.727462222624762
1429,4.727462222624762
1430,4.727462222624762
1431,4.727462222624762
1432,4.727462222624762
1433,4.727462222624762
1434,4.727462222624762
1435,4.727462222624762
1436,4.727462222624762
1437,4.727462222624762
1438,4.727462222624762
1439,4.727462222624762
1440,4.727462222624762
1441,4.727462222624762
1442,4.727462222624762
1443,4.727462222624762
1444,4.727462222624762
1445,4.727462222624762
1446,4.727462222624762
1447,4.727462222624762
1448,4.727462222624762
1449,4.727462222624762
1450,4.623423042943488
1451,4.749579997691106
1452,4.575118363368933
1453,4.59176003468815
1454,4.815308569182401
1455,4.619788758288394
1456,4.522878745280337
1457,4.619788758288394
1458,4.318758762624412
1459,4.6020599913279625
1460,4.376750709602099
1461,5.886056647693163
1462,5.886056647693163
1463,5.045757490560675
1464,5.045757490560675
1465,5.045757490560675
1466,5.045757490560675
1467,5.045757490560675
1468,5.045757490560675
1469,5.045757490560675
1470,5.045757490560675
1471,5.045757490560675
1472,5.045757490560675
1473,5.045757490560675
1474,5.045757490560675
1475,5.045757490560675
1476,5.045757490560675
1477,5.045757490560675
1478,5.045757490560675
1479,5.045757490560675
1480,5.045757490560675
1481,5.045757490560675
1482,5.045757490560675
1483,5.045757490560675
1484,5.045757490560675
1485,5.045757490560675
1486,5.045757490560675
1487,5.045757490560675
1488,5.045757490560675
1489,5.045757490560675
1490,5.045757490560675
1491,5.045757490560675
1492,5.045757490560675
1493,4.777283528852417
1494,5.086186147616283
1495,5.086186147616283
1496,5.301029995663981
1497,5.638272163982407
1498,4.920818753952375
1499,4.924453038607469
1500,5.142667503568732
1501,5.585026652029182
1502,5.075720713938118
1503,5.318758762624412
1504,5.318758762624412
1505,5.318758762624412
1506,5.568636235841013
1507,5.107905397309519
1508,5.107905397309519
1509,5.107905397309519
1510,5.107905397309519
1511,6.568636235841013
1512,4.982966660701219
1513,4.950781977329818
1514,5.657577319177793
1515,5.657577319177793
1516,5.657577319177793
1517,5.657577319177793
1518,4.826813731587726
1519,4.826813731587726
1520,4.826813731587726
1521,5.080921907623926
1522,4.876148359032914
1523,4.841637507904751
1524,6.0
1525,5.508638306165727
1526,5.721246399047171
1527,5.769551078621726
1528,5.080921907623926
1529,5.154901959985743
1530,5.301029995663981
1531,5.356547323513812
1532,5.2441251443275085
1533,5.180456064458132
1534,5.5376020021010435
1535,5.366531544420414
1536,5.309803919971486
1537,5.698970004336019
1538,5.853871964321762
1539,5.356547323513812
1540,5.42021640338319
1541,6.102372908709558
1542,5.481486060122113
1543,5.481486060122113
1544,5.481486060122113
1545,5.481486060122113
1546,5.481486060122113
1547,5.481486060122113
1548,5.481486060122113
1549,5.481486060122113
1550,5.481486060122113
1551,5.481486060122113
1552,5.481486060122113
1553,5.481486060122113
1554,5.481486060122113
1555,5.481486060122113
1556,5.481486060122113
1557,5.481486060122113
1558,5.481486060122113
1559,5.481486060122113
1560,5.481486060122113
1561,5.481486060122113
1562,5.481486060122113
1563,5.481486060122113
1564,5.481486060122113
1565,5.481486060122113
1566,5.481486060122113
1567,5.481486060122113
1568,5.481486060122113
1569,5.481486060122113
1570,5.481486060122113
1571,5.481486060122113
1572,5.958607314841775
1573,5.958607314841775
1574,5.958607314841775
1575,5.958607314841775
1576,5.958607314841775
1577,5.958607314841775
1578,5.958607314841775
1579,5.958607314841775
1580,5.958607314841775
1581,5.958607314841775
1582,5.958607314841775
1583,5.958607314841775
1584,5.958607314841775
1585,4.886056647693163
1586,4.886056647693163
1587,5.075720713938118
1588,5.075720713938118
1589,5.075720713938118
1590,5.075720713938118
1591,5.00436480540245
1592,5.00436480540245
1593,5.00436480540245
1594,5.00436480540245
1595,5.00436480540245
1596,5.00436480540245
1597,5.00436480540245
1598,5.00436480540245
1599,5.00436480540245
1600,5.00436480540245
1601,5.00436480540245
1602,5.00436480540245
1603,5.00436480540245
1604,5.00436480540245
1605,5.00436480540245
1606,5.00436480540245
1607,5.00436480540245
1608,5.00436480540245
1609,5.00436480540245
1610,5.00436480540245
1611,5.00436480540245
1612,5.00436480540245
1613,5.00436480540245
1614,5.00436480540245
1615,5.00436480540245
1616,5.00436480540245
1617,5.00436480540245
1618,5.00436480540245
1619,5.00436480540245
1620,5.00436480540245
1621,4.815308569182401
1622,4.815308569182401
1623,4.815308569182401
1624,4.815308569182401
1625,4.815308569182401
1626,4.815308569182401
1627,4.815308569182401
1628,4.815308569182401
1629,4.815308569182401
1630,4.815308569182401
1631,4.815308569182401
1632,4.815308569182401
1633,4.815308569182401
1634,6.0
1635,6.0
1636,6.0
1637,6.0
1638,6.0
1639,6.0
1640,6.0
1641,6.0
1642,6.0
1643,6.0
1644,6.0
1645,6.0
1646,6.0
1647,6.0
1648,6.0
1649,6.0
1650,6.0
1651,6.0
1652,6.0
1653,6.0
1654,6.0
1655,6.0
1656,6.0
1657,6.0
1658,6.0
1659,6.0
1660,6.0
1661,6.0
1662,6.0
1663,6.0
1664,3.904481957676849
1665,3.904481957676849
1666,3.904481957676849
1667,3.904481957676849
1668,4.8297382846050425
1669,4.8297382846050425
1670,4.8297382846050425
1671,4.8297382846050425
1672,4.8297382846050425
1673,4.8297382846050425
1674,4.892790030352131
1675,4.124360062995832
1676,4.124360062995832
1677,3.3010299956639813
1678,3.753994095923971
1679,3.753994095923971
1680,3.753994095923971
1681,6.096910013008056
1682,6.096910013008056
1683,6.096910013008056
1684,6.096910013008056
1685,6.096910013008056
1686,6.096910013008056
1687,6.096910013008056
1688,6.096910013008056
1689,6.096910013008056
1690,6.096910013008056
1691,6.096910013008056
1692,6.096910013008056
1693,6.096910013008056
1694,6.096910013008056
1695,6.096910013008056
1696,6.096910013008056
1697,6.096910013008056
1698,6.096910013008056
1699,6.096910013008056
1700,6.096910013008056
1701,6.096910013008056
1702,6.096910013008056
1703,6.096910013008056
1704,6.096910013008056
1705,6.096910013008056
1706,6.096910013008056
1707,6.096910013008056
1708,6.096910013008056
1709,6.096910013008056
1710,6.096910013008056
1711,5.0
1712,5.0
1713,5.0
1714,5.0
1715,5.0
1716,5.0
1717,5.0
1718,5.0
1719,5.0
1720,5.0
1721,5.0
1722,5.0
1723,5.0
1724,5.0
1725,5.0
1726,5.0
1727,5.0
1728,5.0
1729,5.0
1730,5.0
1731,5.0
1732,5.0
1733,5.0
1734,5.0
1735,5.0
1736,5.0
1737,5.0
1738,5.0
1739,5.0
1740,5.0
1741,4.638272163982407
1742,4.638272163982407
1743,4.638272163982407
1744,5.2441251443275085
1745,4.0
1746,4.6439741428068775
1747,4.056505484093897
1748,4.0
1749,4.0
1750,4.137272471682025
1751,4.0
1752,4.0
1753,5.309803919971486
1754,5.795880017344075
1755,4.0
1756,5.060480747381382
1757,6.860120913598763
1758,6.860120913598763
1759,6.860120913598763
1760,6.860120913598763
1761,5.045757490560675
1762,4.0
1763,4.0
1764,4.0
1765,5.075720713938118
1766,4.903089986991944
1767,4.981715691573469
1768,4.937418015771837
1769,4.798876102792621
1770,4.872895201635193
1771,4.78807891569149
1772,4.737311655698304
1773,4.6020599913279625
1774,4.628193541492584
1775,4.748361779551788
1776,4.731656086048935
1777,4.683610248926804
1778,4.7544873321858505
1779,4.7435227937583235
1780,4.623423042943488
1781,4.64762450499948
1782,4.64762450499948
1783,4.64762450499948
1784,4.64762450499948
1785,4.64762450499948
1786,4.64762450499948
1787,4.64762450499948
1788,4.64762450499948
1789,4.64762450499948
1790,4.64762450499948
1791,4.64762450499948
1792,4.64762450499948
1793,4.64762450499948
1794,4.64762450499948
1795,4.64762450499948
1796,4.64762450499948
1797,4.64762450499948
1798,4.64762450499948
1799,4.64762450499948
1800,4.64762450499948
1801,4.64762450499948
1802,4.64762450499948
1803,4.64762450499948
1804,4.64762450499948
1805,4.64762450499948
1806,4.64762450499948
1807,4.64762450499948
1808,4.64762450499948
1809,4.64762450499948
1810,4.64762450499948
1811,5.2335871528876
1812,5.08196966321512
1813,4.0
1814,4.824198367151721
1815,4.824198367151721
1816,4.824198367151721
1817,4.824198367151721
1818,4.824198367151721
1819,4.824198367151721
1820,4.824198367151721
1821,4.824198367151721
1822,4.824198367151721
1823,4.824198367151721
1824,4.824198367151721
1825,4.824198367151721
1826,4.824198367151721
1827,4.824198367151721
1828,4.824198367151721
1829,4.824198367151721
1830,4.824198367151721
1831,4.824198367151721
1832,4.824198367151721
1833,4.824198367151721
1834,4.824198367151721
1835,4.824198367151721
1836,4.824198367151721
1837,4.824198367151721
1838,4.824198367151721
1839,4.824198367151721
1840,4.824198367151721
1841,4.824198367151721
1842,4.824198367151721
1843,4.824198367151721
1844,4.360513510731414
1845,4.068033885271827
1846,5.154901959985743
1847,5.154901959985743
1848,5.3979400086720375
1849,5.3979400086720375
1850,5.346787486224656
1851,5.346787486224656
1852,5.823908740944319
1853,5.823908740944319
1854,5.0
1855,5.0
1856,5.508638306165727
1857,5.508638306165727
1858,5.6020599913279625
1859,5.6020599913279625
1860,5.769551078621726
1861,5.769551078621726
1862,5.698970004336019
1863,5.698970004336019
1864,5.292429823902063
1865,5.292429823902063
1866,5.638272163982407
1867,5.638272163982407
1868,5.3872161432802645
1869,5.3872161432802645
1870,5.0
1871,5.0
1872,5.0
1873,5.0
1874,5.086186147616283
1875,5.086186147616283
1876,5.337242168318426
1877,5.337242168318426
1878,5.180456064458132
1879,5.180456064458132
1880,5.0
1881,5.0
1882,5.0
1883,5.0
1884,5.207608310501746
1885,5.207608310501746
1886,5.0
1887,5.0
1888,5.0
1889,5.0
1890,5.0
1891,5.0
1892,5.0
1893,5.0
1894,5.0
1895,5.0
1896,5.0
1897,5.0
1898,5.0
1899,5.0
1900,4.892790030352131
1901,4.892790030352131
1902,5.267606240177032
1903,5.267606240177032
1904,4.982966660701219
1905,4.982966660701219
1906,5.552841968657781
1907,5.552841968657781
1908,4.860120913598763
1909,4.860120913598763
1910,5.1487416512809245
1911,5.1487416512809245
1912,5.309803919971486
1913,5.309803919971486
1914,5.5376020021010435
1915,5.5376020021010435
1916,5.6777807052660805
1917,5.6777807052660805
1918,4.950781977329818
1919,4.950781977329818
1920,5.721246399047171
1921,5.721246399047171
1922,5.327902142064283
1923,5.327902142064283
1924,5.0
1925,5.0
1926,5.0
1927,5.0
1928,5.0
1929,5.0
1930,5.221848749616356
1931,5.221848749616356
1932,5.102372908709558
1933,5.102372908709558
1934,5.0
1935,5.0
1936,5.0
1937,5.0
1938,5.026872146400302
1939,5.026872146400302
1940,5.0
1941,5.0
1942,5.0
1943,5.0
1944,5.0
1945,5.0
1946,5.0
1947,5.0
1948,5.0
1949,5.0
1950,5.0
1951,5.0
1952,5.0
1953,5.0
1954,4.905528871358356
1955,4.905528871358356
1956,4.905528871358356
1957,4.905528871358356
1958,4.905528871358356
1959,4.905528871358356
1960,4.905528871358356
1961,4.905528871358356
1962,4.905528871358356
1963,4.905528871358356
1964,4.905528871358356
1965,4.905528871358356
1966,4.905528871358356
1967,5.052566278112949
1968,4.722620025332746
1969,4.941573975542995
1970,5.296708621881339
1971,4.774432286560529
1972,5.133712660915805
1973,4.761201437286083
1974,4.64685345378602
1975,4.704652851666382
1976,5.248720896016658
1977,4.738023808602187
1978,4.685922008220787
1979,4.346787486224656
1980,4.752517739322946
1981,5.22767829327708
1982,5.100726812682396
1983,5.142667503568732
1984,5.142667503568732
1985,5.081445469449727
1986,4.745935547085662
1987,4.924818145381308
1988,4.924818145381308
1989,4.924818145381308
1990,4.924818145381308
1991,4.924818145381308
1992,4.924818145381308
1993,4.924818145381308
1994,4.924818145381308
1995,4.924818145381308
1996,4.924818145381308
1997,4.924818145381308
1998,4.924818145381308
1999,4.924818145381308
2000,4.727462222624762
2001,4.727462222624762
2002,4.727462222624762
2003,4.727462222624762
2004,4.727462222624762
2005,4.727462222624762
2006,4.727462222624762
2007,4.727462222624762
2008,4.727462222624762
2009,4.727462222624762
2010,4.727462222624762
2011,4.727462222624762
2012,4.727462222624762
2013,4.727462222624762
2014,4.727462222624762
2015,4.727462222624762
2016,4.727462222624762
2017,4.727462222624762
2018,4.727462222624762
2019,4.727462222624762
2020,4.727462222624762
2021,4.727462222624762
2022,4.727462222624762
2023,4.727462222624762
2024,4.727462222624762
2025,4.727462222624762
2026,4.727462222624762
2027,4.727462222624762
2028,4.727462222624762
2029,4.727462222624762
2030,5.376750709602099
2031,5.376750709602099
2032,4.806875401645539
2033,4.806875401645539
2034,5.468521082957745
2035,5.468521082957745
2036,5.468521082957745
2037,5.468521082957745
2038,5.468521082957745
2039,5.468521082957745
2040,5.468521082957745
2041,5.468521082957745
2042,5.468521082957745
2043,5.468521082957745
2044,5.468521082957745
2045,5.468521082957745
2046,5.468521082957745
2047,5.468521082957745
2048,5.468521082957745
2049,5.468521082957745
2050,5.468521082957745
2051,5.468521082957745
2052,5.468521082957745
2053,5.468521082957745
2054,5.468521082957745
2055,5.468521082957745
2056,5.468521082957745
2057,5.468521082957745
2058,5.468521082957745
2059,5.468521082957745
2060,5.468521082957745
2061,5.468521082957745
2062,5.468521082957745
2063,5.468521082957745
2064,5.309803919971486
2065,5.309803919971486
2066,6.699991797446187
2067,5.0
2068,4.763714722551971
2069,5.698970004336019
2070,4.616184634019569
2071,4.616184634019569
2072,5.017728766960431
2073,7.221848749616356
2074,5.09339562827502
2075,5.194839098400566
2076,5.194839098400566
2077,5.194839098400566
2078,5.194839098400566
2079,5.194839098400566
2080,5.194839098400566
2081,5.194839098400566
2082,5.194839098400566
2083,5.194839098400566
2084,5.194839098400566
2085,5.194839098400566
2086,5.194839098400566
2087,5.194839098400566
2088,5.194839098400566
2089,5.194839098400566
2090,5.194839098400566
2091,5.194839098400566
2092,5.194839098400566
2093,5.194839098400566
2094,5.194839098400566
2095,5.194839098400566
2096,5.194839098400566
2097,5.194839098400566
2098,5.194839098400566
2099,5.194839098400566
2100,5.194839098400566
2101,5.194839098400566
2102,5.194839098400566
2103,5.194839098400566
2104,5.194839098400566
2105,4.333294863880101
2106,4.35144484433733
2107,4.899629454882437
2108,5.050609993355087
2109,5.309803919971486
2110,5.337242168318426
2111,5.468521082957745
2112,4.663540266151471
2113,4.756961951313706
2114,4.774690718274137
2115,4.774690718274137
2116,4.774690718274137
2117,4.774690718274137
2118,4.774690718274137
2119,4.774690718274137
2120,4.774690718274137
2121,4.774690718274137
2122,4.774690718274137
2123,4.774690718274137
2124,4.774690718274137
2125,4.774690718274137
2126,4.774690718274137
2127,4.863279432843593
2128,4.863279432843593
2129,4.863279432843593
2130,4.863279432843593
2131,4.863279432843593
2132,4.863279432843593
2133,4.863279432843593
2134,4.863279432843593
2135,4.863279432843593
2136,4.863279432843593
2137,4.863279432843593
2138,4.863279432843593
2139,4.863279432843593
2140,4.863279432843593
2141,4.863279432843593
2142,4.863279432843593
2143,4.863279432843593
2144,4.863279432843593
2145,4.863279432843593
2146,4.863279432843593
2147,4.863279432843593
2148,4.863279432843593
2149,4.863279432843593
2150,4.863279432843593
2151,4.863279432843593
2152,4.863279432843593
2153,4.863279432843593
2154,4.863279432843593
2155,4.863279432843593
2156,4.863279432843593
2157,5.400116927926312
2158,5.376750709602099
2159,5.440093374963888
2160,5.617982957425132
2161,5.449771646944906
2162,5.413412695328245
2163,5.462180904926726
2164,5.515700160653214
2165,5.430626090384954
2166,5.5003129173815966
2167,5.262012673666569
2168,5.6252516539898965
2169,5.552841968657781
2170,5.636388020107856
2171,5.480172006224281
2172,5.226945306635737
2173,5.226945306635737
2174,5.226945306635737
2175,5.226945306635737
2176,5.226945306635737
2177,4.301029995663981
2178,4.301029995663981
2179,5.022276394711152
2180,4.301029995663981
2181,4.341035157335565
2182,4.761953896871205
2183,4.301029995663981
2184,4.798602875679548
2185,4.484126156288321
2186,4.886056647693163
2187,4.671620396561262
2188,4.301029995663981
2189,4.301029995663981
2190,4.301029995663981
2191,4.301029995663981
2192,4.301029995663981
2193,4.301029995663981
2194,4.696803942579511
2195,4.995678626217358
2196,4.301029995663981
2197,4.87942606879415
2198,5.309803919971486
2199,4.301029995663981
2200,5.327902142064283
2201,5.309803919971486
2202,5.318758762624412
2203,4.301029995663981
2204,4.301029995663981
2205,4.301029995663981
2206,4.301029995663981
2207,5.3872161432802645
2208,5.3872161432802645
2209,5.3872161432802645
2210,5.3872161432802645
2211,5.3872161432802645
2212,5.3872161432802645
2213,4.758453519403451
2214,5.412289034981089
2215,4.747389659432627
2216,4.8035474582966105
2217,3.5228787452803374
2218,3.5228787452803374
2219,4.0
2220,4.0
2221,4.167491087293763
2222,4.777283528852417
2223,4.607303046740334
2224,4.202732459169283
2225,3.6556077263148894
2226,5.130768280269024
2227,5.130768280269024
2228,5.130768280269024
2229,5.130768280269024
2230,5.130768280269024
2231,5.130768280269024
2232,4.533132379645891
2233,3.821598658466245
2234,4.910094888560602
2235,3.82739706879014
2236,3.82739706879014
2237,4.692503962086787
2238,4.692503962086787
2239,4.701146923590294
2240,4.90204892900585
2241,5.522878745280337
2242,4.698970004336019
2243,4.698970004336019
2244,5.958607314841775
2245,5.455931955649724
2246,5.522878745280337
2247,4.886056647693163
2248,4.45717457304082
2249,4.698970004336019
2250,4.698970004336019
2251,5.070581074285707
2252,5.070581074285707
2253,5.070581074285707
2254,6.7447274948966935
2255,6.7447274948966935
2256,6.7447274948966935
2257,6.7447274948966935
2258,4.705313375720556
2259,5.688246138944246
2260,4.820448208834812
2261,4.73754891026957
2262,4.871923987331285
2263,4.871923987331285
2264,4.871923987331285
2265,4.871923987331285
2266,4.871923987331285
2267,4.871923987331285
2268,4.871923987331285
2269,4.871923987331285
2270,4.871923987331285
2271,4.871923987331285
2272,4.871923987331285
2273,4.871923987331285
2274,4.871923987331285
2275,4.789146634685107
2276,4.789146634685107
2277,4.789146634685107
2278,4.789146634685107
2279,4.789146634685107
2280,4.789146634685107
2281,4.789146634685107
2282,4.789146634685107
2283,4.789146634685107
2284,4.789146634685107
2285,4.789146634685107
2286,4.789146634685107
2287,4.789146634685107
2288,4.789146634685107
2289,4.789146634685107
2290,4.789146634685107
2291,4.789146634685107
2292,4.789146634685107
2293,4.789146634685107
2294,4.789146634685107
2295,4.789146634685107
2296,4.789146634685107
2297,4.789146634685107
2298,4.789146634685107
2299,4.789146634685107
2300,4.789146634685107
2301,4.789146634685107
2302,4.789146634685107
2303,4.789146634685107
2304,4.789146634685107
2305,5.151810883008602
2306,5.295849483160201
2307,5.54515513999149
2308,5.665546248849069
2309,5.91721462968355
2310,5.806875401645538
2311,5.772113295386326
2312,5.486782399932061
2313,5.638272163982407
2314,5.790484985457369
2315,5.510041520575165
2316,5.278189384787454
2317,5.214670164989233
2318,5.485452247339714
2319,5.292429823902063
2320,5.008773924307505
2321,5.008773924307505
2322,5.008773924307505
2323,3.645449804492118
2324,3.645449804492118
2325,4.609064892896621
2326,4.405939098729582
2327,4.456801414362353
2328,3.923869505456994
2329,4.907279355315901
2330,4.097616315567529
2331,3.9713474263668815
2332,4.186485728458117
2333,4.553773598221837
2334,5.414539270491499
2335,5.414539270491499
2336,5.414539270491499
2337,5.414539270491499
2338,5.414539270491499
2339,5.414539270491499
2340,5.414539270491499
2341,5.414539270491499
2342,5.414539270491499
2343,5.414539270491499
2344,5.414539270491499
2345,5.414539270491499
2346,5.414539270491499
2347,5.414539270491499
2348,5.414539270491499
2349,5.414539270491499
2350,5.414539270491499
2351,5.414539270491499
2352,5.414539270491499
2353,5.414539270491499
2354,5.414539270491499
2355,5.414539270491499
2356,5.414539270491499
2357,5.414539270491499
2358,5.414539270491499
2359,5.414539270491499
2360,5.414539270491499
2361,5.414539270491499
2362,5.414539270491499
2363,5.414539270491499
2364,4.9730583720409705
2365,4.729321163855293
2366,4.339324211661475
2367,4.107515820635312
2368,4.767512133647013
2369,4.727694155597914
2370,4.750801642608887
2371,4.715794932298206
2372,4.773915884024176
2373,5.066006836168758
2374,4.893469146177619
2375,4.66094626429086
2376,4.976747540366288
2377,4.447696890661646
2378,5.504455662453552
2379,5.087777943467585
2380,4.0885227828938975
2381,5.474955192963154
2382,5.320572103387881
2383,5.442492798094342
2384,5.7447274948966935
2385,4.2659205927194055
2386,4.746904414150968
2387,4.0067401685632635
2388,5.110138278741812
2389,5.003926345514724
2390,3.687272716221876
2391,4.9730583720409705
2392,4.00528701456843
2393,4.3438059378208145
2394,5.649751981665837
2395,5.486782399932061
2396,5.3851027839668655
2397,5.2564902352715706
2398,5.403402904373539
2399,5.345823458122039
2400,5.154281982033341
2401,5.20342566678957
2402,5.482804102050026
2403,5.590066876668706
2404,5.274088367704952
2405,5.220403508742176
2406,5.269217724333611
2407,5.209011524911184
2408,5.684029654543083
2409,5.515700160653214
2410,5.147520006363144
2411,5.147520006363144
2412,5.082494490447453
2413,5.082494490447453
2414,5.082494490447453
2415,5.082494490447453
2416,5.082494490447453
2417,5.082494490447453
2418,5.082494490447453
2419,5.082494490447453
2420,5.082494490447453
2421,5.082494490447453
2422,5.082494490447453
2423,5.082494490447453
2424,5.082494490447453
2425,5.082494490447453
2426,5.082494490447453
2427,5.082494490447453
2428,5.082494490447453
2429,5.082494490447453
2430,5.082494490447453
2431,5.082494490447453
2432,5.082494490447453
2433,5.082494490447453
2434,5.082494490447453
2435,5.082494490447453
2436,5.082494490447453
2437,5.082494490447453
2438,5.082494490447453
2439,5.082494490447453
2440,5.082494490447453
2441,5.082494490447453
2442,5.448550002027125
2443,5.8297382846050425
2444,5.826813731587726
2445,5.896196279044043
2446,6.055517327849832
2447,5.987162775294828
2448,5.87942606879415
2449,5.6777807052660805
2450,5.860120913598763
2451,5.774690718274137
2452,5.422508200162775
2453,5.498940737782249
2454,5.337242168318426
2455,4.275642195773574
2456,4.164309428507575
2457,4.385524633909605
2458,4.659159450187668
2459,4.385630160451711
2460,3.8620448764676394
2461,3.9464222128747175
2462,4.320481256304211
2463,3.7759074115057323
2464,3.937342819774436
2465,3.8652174706181444
2466,3.9299990961976548
2467,4.252199909135631
2468,4.084020085859776
2469,3.98889497018402
2470,5.1830961606243395
2471,4.151934104596008
2472,3.8875961072821257
2473,3.8112964518815713
2474,3.8151666660666463
2475,3.887093509746686
2476,5.328827157284917
2477,5.078833949362261
2478,5.153662887870195
2479,5.376750709602099
2480,5.117475462045119
2481,5.200659450546418
2482,5.407823242604133
2483,5.293282217663241
2484,5.032920265855503
2485,5.214670164989233
2486,5.370590400897281
2487,5.132532512140949
2488,5.198596289982645
2489,5.492144128304169
2490,5.008773924307505
2491,5.008773924307505
2492,5.008773924307505
2493,5.180456064458132
2494,4.39040559077478
2495,4.289036881004725
2496,4.273272790973428
2497,3.82739706879014
2498,3.82739706879014
2499,4.692503962086787
2500,4.692503962086787
2501,4.298432014944073
2502,5.00436480540245
2503,5.00436480540245
2504,5.00436480540245
2505,5.00436480540245
2506,5.00436480540245
2507,5.00436480540245
2508,4.0
2509,5.958607314841775
2510,5.860120913598763
2511,9.301029995663981
2512,9.301029995663981
2513,9.301029995663981
2514,9.301029995663981
2515,9.301029995663981
2516,9.301029995663981
2517,9.187086643357144
2518,9.187086643357144
2519,9.187086643357144
2520,5.795880017344075
2521,7.508638306165727
2522,7.508638306165727
2523,6.882728704344236
2524,6.882728704344236
2525,5.0
2526,5.0
2527,5.0
2528,5.0
2529,8.481486060122112
2530,8.070581074285707
2531,7.8996294548824375
2532,8.443697499232712
2533,8.200659450546418
2534,9.0
2535,8.585026652029182
2536,9.0
2537,8.318758762624412
2538,8.602059991327963
2539,8.920818753952375
2540,8.886056647693163
2541,7.008773924307505
2542,7.008773924307505
2543,7.008773924307505
2544,7.008773924307505
2545,7.008773924307505
2546,8.522878745280337
2547,7.008773924307505
2548,8.522878745280337
2549,8.301029995663981
2550,7.619788758288394
2551,8.0
2552,8.522878745280337
2553,8.522878745280337
2554,8.522878745280337
2555,8.522878745280337
2556,7.522878745280337
2557,7.585026652029182
2558,6.546681659952962
2559,6.580044251510242
2560,7.638272163982407
2561,8.522878745280337
2562,8.522878745280337
2563,8.522878745280337
2564,8.522878745280337
2565,8.397940008672037
2566,8.397940008672037
2567,8.397940008672037
2568,8.397940008672037
2569,8.522878745280337
2570,8.522878745280337
2571,8.522878745280337
2572,8.522878745280337
2573,8.397940008672037
2574,8.397940008672037
2575,8.397940008672037
2576,8.397940008672037
2577,8.397940008672037
2578,8.397940008672037
2579,7.769551078621726
2580,8.522878745280337
2581,5.935542010773082
2582,7.494850021680094
2583,8.301029995663981
2584,7.619788758288394
2585,8.045757490560675
2586,8.522878745280337
2587,8.522878745280337
2588,8.522878745280337
2589,8.522878745280337
2590,8.522878745280337
2591,6.978810700930062
2592,8.397940008672037
2593,8.397940008672037
2594,7.769551078621726
2595,8.221848749616356
2596,8.045757490560675
2597,7.657577319177793
2598,7.657577319177793
2599,7.657577319177793
2600,7.657577319177793
2601,7.657577319177793
2602,8.522878745280337
2603,8.522878745280337
2604,8.522878745280337
2605,8.522878745280337
2606,8.522878745280337
2607,8.522878745280337
2608,8.522878745280337
2609,8.522878745280337
2610,8.522878745280337
2611,8.522878745280337
2612,5.226945306635737
2613,5.226945306635737
2614,5.226945306635737
2615,5.226945306635737
2616,5.226945306635737
2617,4.548213564475709
2618,4.548213564475709
2619,4.548213564475709
2620,4.548213564475709
2621,4.548213564475709
2622,6.180456064458132
2623,6.180456064458132
2624,5.0
2625,5.0
2626,4.573488738635425
2627,8.387216143280265
2628,8.275724130399212
2629,4.709965388637482
2630,4.747146969020107
2631,4.747146969020107
2632,4.747146969020107
2633,4.747146969020107
2634,4.747146969020107
2635,4.747146969020107
2636,4.747146969020107
2637,4.747146969020107
2638,4.747146969020107
2639,4.747146969020107
2640,4.747146969020107
2641,4.747146969020107
2642,4.747146969020107
2643,3.4713789261475925
2644,4.308564847855938
2645,5.033389013318065
2646,5.09339562827502
2647,5.399027104313252
2648,4.991399828238082
2649,6.045757490560675
2650,6.045757490560675
2651,6.045757490560675
2652,6.045757490560675
2653,6.045757490560675
2654,6.045757490560675
2655,6.045757490560675
2656,6.045757490560675
2657,6.045757490560675
2658,6.045757490560675
2659,6.045757490560675
2660,6.045757490560675
2661,6.045757490560675
2662,6.045757490560675
2663,6.045757490560675
2664,6.045757490560675
2665,6.045757490560675
2666,6.045757490560675
2667,6.045757490560675
2668,6.045757490560675
2669,6.045757490560675
2670,6.045757490560675
2671,6.045757490560675
2672,6.045757490560675
2673,6.045757490560675
2674,6.045757490560675
2675,6.045757490560675
2676,6.045757490560675
2677,6.045757490560675
2678,6.045757490560675
2679,6.0
2680,6.0
2681,6.0
2682,6.0
2683,6.0
2684,6.0
2685,6.0
2686,6.0
2687,6.0
2688,6.0
2689,6.0
2690,6.0
2691,6.0
2692,6.0
2693,6.0
2694,6.0
2695,6.0
2696,6.0
2697,6.0
2698,6.0
2699,6.0
2700,6.0
2701,6.0
2702,6.0
2703,6.0
2704,6.0
2705,6.0
2706,6.0
2707,6.0
2708,6.0
2709,6.97061622231479
2710,6.97061622231479
2711,6.97061622231479
2712,6.97061622231479
2713,6.97061622231479
2714,6.97061622231479
2715,6.97061622231479
2716,6.97061622231479
2717,6.97061622231479
2718,6.97061622231479
2719,6.97061622231479
2720,6.97061622231479
2721,6.97061622231479
2722,6.97061622231479
2723,6.97061622231479
2724,6.97061622231479
2725,6.97061622231479
2726,6.97061622231479
2727,6.97061622231479
2728,6.97061622231479
2729,6.97061622231479
2730,6.97061622231479
2731,6.97061622231479
2732,6.97061622231479
2733,6.97061622231479
2734,6.97061622231479
2735,6.97061622231479
2736,6.97061622231479
2737,6.97061622231479
2738,6.97061622231479
2739,6.860120913598763
2740,6.860120913598763
2741,6.860120913598763
2742,6.860120913598763
2743,6.0
2744,6.0
2745,6.0
2746,6.0
2747,6.0
2748,6.0
2749,6.3223930472795065
2750,6.3223930472795065
2751,6.3223930472795065
2752,6.0
2753,6.0
2754,6.0
2755,6.0
2756,6.0
2757,6.0
2758,6.0
2759,6.0
2760,6.0
2761,6.0
2762,6.0
2763,6.0
2764,6.0
2765,6.0
2766,6.0
2767,6.0
2768,6.0
2769,6.0
2770,4.698970004336019
2771,4.698970004336019
2772,4.698970004336019
2773,4.698970004336019
2774,4.698970004336019
2775,4.698970004336019
2776,4.698970004336019
2777,4.698970004336019
2778,4.698970004336019
2779,4.698970004336019
2780,4.698970004336019
2781,4.698970004336019
2782,4.698970004336019
2783,4.698970004336019
2784,4.698970004336019
2785,4.698970004336019
2786,4.698970004336019
2787,4.698970004336019
2788,4.698970004336019
2789,4.698970004336019
2790,4.698970004336019
2791,4.698970004336019
2792,4.698970004336019
2793,4.698970004336019
2794,4.698970004336019
2795,4.698970004336019
2796,4.698970004336019
2797,4.698970004336019
2798,4.698970004336019
2799,4.698970004336019
2800,5.130768280269024
2801,5.130768280269024
2802,5.130768280269024
2803,5.130768280269024
2804,4.3979400086720375
2805,4.3979400086720375
2806,4.3979400086720375
2807,4.85078088734462
2808,4.85078088734462
2809,4.85078088734462
2810,5.013228265733755
2811,5.013228265733755
2812,5.013228265733755
2813,4.939302159646388
2814,4.939302159646388
2815,4.939302159646388
2816,4.94692155651658
2817,4.94692155651658
2818,4.94692155651658
2819,5.207608310501746
2820,5.207608310501746
2821,5.207608310501746
2822,5.267606240177032
2823,5.267606240177032
2824,5.267606240177032
2825,5.060480747381382
2826,5.060480747381382
2827,5.060480747381382
2828,5.161150909262744
2829,5.161150909262744
2830,5.161150909262744
2831,4.982966660701219
2832,4.982966660701219
2833,4.749579997691106
2834,4.749579997691106
2835,4.82102305270683
2836,4.82102305270683
2837,5.200659450546418
2838,5.200659450546418
2839,5.167491087293763
2840,5.167491087293763
2841,5.167491087293763
2842,5.167491087293763
2843,4.3979400086720375
2844,4.3979400086720375
2845,4.3979400086720375
2846,4.3979400086720375
2847,4.3979400086720375
2848,4.3979400086720375
2849,5.060480747381382
2850,5.060480747381382
2851,5.060480747381382
2852,4.815308569182401
2853,4.815308569182401
2854,4.815308569182401
2855,4.847711655616943
2856,4.847711655616943
2857,4.847711655616943
2858,5.455931955649724
2859,5.455931955649724
2860,5.455931955649724
2861,5.318758762624412
2862,5.318758762624412
2863,5.318758762624412
2864,5.301029995663981
2865,5.301029995663981
2866,5.301029995663981
2867,5.356547323513812
2868,5.356547323513812
2869,5.356547323513812
2870,5.045757490560675
2871,5.045757490560675
2872,4.761953896871205
2873,4.761953896871205
2874,4.847711655616943
2875,4.847711655616943
2876,5.455931955649724
2877,5.455931955649724
2878,4.698970004336019
2879,4.698970004336019
2880,4.698970004336019
2881,4.698970004336019
2882,4.698970004336019
2883,4.698970004336019
2884,4.698970004336019
2885,4.698970004336019
2886,4.698970004336019
2887,4.698970004336019
2888,4.698970004336019
2889,4.698970004336019
2890,4.698970004336019
2891,4.698970004336019
2892,4.698970004336019
2893,4.698970004336019
2894,4.698970004336019
2895,4.698970004336019
2896,4.698970004336019
2897,4.698970004336019
2898,4.698970004336019
2899,4.698970004336019
2900,4.698970004336019
2901,4.698970004336019
2902,4.698970004336019
2903,4.698970004336019
2904,4.698970004336019
2905,4.698970004336019
2906,4.698970004336019
2907,4.698970004336019
2908,5.246340352714001
2909,5.6724367398127225
2910,4.877129077135565
2911,5.703554205793604
2912,5.174184555014796
2913,5.9111554372729955
2914,5.3473669319168895
2915,6.1095789811990855
2916,4.498119506244941
2917,5.52958950902407
2918,4.822752163744377
2919,5.885055584287415
2920,4.251811972993799
2921,5.54515513999149
2922,4.881074247174223
2923,4.881074247174223
2924,4.881074247174223
2925,4.881074247174223
2926,4.881074247174223
2927,4.881074247174223
2928,4.881074247174223
2929,4.881074247174223
2930,4.881074247174223
2931,4.881074247174223
2932,4.881074247174223
2933,4.881074247174223
2934,4.881074247174223
2935,5.1771783546968955
2936,5.510041520575165
2937,5.187755303199631
2938,6.2076083105017466
2939,6.2839966563652006
2940,5.958607314841775
2941,5.7447274948966935
2942,5.7447274948966935
2943,5.102372908709558
2944,5.102372908709558
2945,7.0
2946,2.7812020018882624
2947,2.7977842241988684
2948,5.619788758288394
2949,5.619788758288394
2950,5.619788758288394
2951,5.619788758288394
2952,5.638272163982407
2953,5.130768280269024
2954,5.130768280269024
2955,5.130768280269024
2956,4.903089986991944
2957,6.7447274948966935
2958,6.7447274948966935
2959,6.7447274948966935
2960,6.7447274948966935
2961,6.7447274948966935
2962,6.7447274948966935
2963,5.275724130399211
2964,5.522878745280337
2965,6.075720713938118
2966,4.886056647693163
2967,7.318758762624412
2968,7.318758762624412
2969,7.173925197299173
2970,7.173925197299173
2971,6.853871964321762
2972,6.853871964321762
2973,6.853871964321762
2974,6.853871964321762
2975,6.853871964321762
2976,6.853871964321762
2977,5.97061622231479
2978,5.325138859262188
2979,5.521433504406157
2980,5.987162775294828
2981,6.00436480540245
2982,7.0
2983,5.806875401645538
2984,6.7447274948966935
